Series Name,Country,CountryCode,1990,1991,1992,1993,1994,1995,1996,1997,1998,1999,2000,2001,2002,2003,2004,2005,2006,2007,2008,2009,2010,2011,2012
Renewable energy consumption (% of total final energy consumption),Afghanistan,AFG,52.9540015857927,55.0266970614758,62.2413253364337,64.6893920186646,66.776581201681,68.5725644124372,71.2311117429011,73.9215103089428,75.9394224541016,92.0073743490295,59.5295940412646,55.1590634450866,43.9734700940905,42.6680345126312,48.3023135581217,40.2523804057716,37.2636185918004,33.7570305074661,21.3922491414225,17.9641157962322,15.1715175144124,10.8075248912667,..
Renewable energy consumption (% of total final energy consumption),Albania,ALB,24.9381546783237,32.271107748477,46.0267567816229,49.2542688408565,48.7462526797453,48.8026570890236,50.3680054883012,53.9247512187178,49.4958726424572,42.8796749862984,41.6563640494042,39.3646645344376,36.1915169012018,33.7527330331705,35.9358624016756,36.8354878130584,31.7101889370071,32.1009500776199,35.9553632727122,38.1365368509572,37.1862125480726,36.1523222481874,38.2218347471341
Renewable energy consumption (% of total final energy consumption),Algeria,DZA,0.177221622166669,0.323677703393799,0.289757048656964,0.476316769137483,0.403936073371736,0.422455733093182,0.389502013403942,0.47211830227827,0.544550647299822,0.509987023286775,0.427347250176113,0.427044478289222,0.514737274638494,0.469063978223698,0.443615438497009,0.584818171493871,0.40870033416371,0.411457261577194,0.299500836199335,0.311787259341941,0.257181978405563,0.179939197048119,0.190373797304754
Renewable energy consumption (% of total final energy consumption),American Samoa,ASM,..,..,..,..,..,..,..,..,..,..,..,..,..,..,..,..,..,..,..,..,..,..,..
Renewable energy consumption (% of total final energy consumption),Andorra,ADO,..,..,..,..,..,..,..,..,..,..,..,..,..,..,..,..,..,..,..,..,..,..,..
Renewable energy consumption (% of total final energy consumption),Angola,AGO,72.2552308785088,71.8886219763241,72.7232601573794,71.2770389611499,72.2202550748116,74.0936837757282,73.4392536838809,74.1747624084926,77.3598274877364,74.1592372219138,75.499372086818,74.8215562011643,73.4070860196274,68.9456329773683,67.4255780367864,72.9221622795545,67.4388916111429,64.4047672019116,61.2613941032948,59.2419272693074,57.2750449010808,57.70308052512,57.1752699706323
Renewable energy consumption (% of total final energy consumption),Antigua and Barbuda,ATG,..,..,..,..,..,..,..,..,..,..,..,..,..,..,..,..,..,..,..,..,..,..,..
Renewable energy consumption (% of total final energy consumption),Argentina,ARG,8.92290387915927,8.74818203752274,9.47164760475024,10.1283417339917,10.7377911345631,11.2051863228636,10.1941287353146,10.999071124224,11.3430117705839,10.305930701075,11.0782187045625,13.0403740361963,13.2879804109808,12.518128877051,8.34823931244025,8.95720487562845,10.1880575069534,8.70223587226553,7.60969337707322,8.57326797100782,8.96067011080365,8.95107637128109,8.77257826332822
Renewable energy consumption (% of total final energy consumption),Armenia,ARM,2.11894303928168,2.30943597549722,6.67767751236278,12.9368356411116,17.7636649944177,9.27435670026943,12.4732998610119,10.1201113098491,9.38056474265841,8.35878670984344,7.16425739123982,5.41911927092634,8.8993554346971,9.81160751726082,8.70789829840829,6.49117094418511,7.65282938187516,7.01725682323977,6.40619832078654,7.80291325284481,9.36341748972634,8.01900315689258,6.56787286973008
Renewable energy consumption (% of total final energy consumption),Aruba,ABW,0.751653534710773,0.736656219490707,0.655425828099116,0.454673279794538,0.276606245208653,0.219134361000254,0.189816815099254,0.180979680187031,0.0993694152937731,0.099051218504752,0.166552324998804,0.180523334514406,0.1813908129344,0.184549671202048,0.187054711226682,0.186599365483407,0.190373968113042,0.190059132428849,0.193546025766485,0.308474195975349,5.47276042886018,5.66206401405908,..
Renewable energy consumption (% of total final energy consumption),Australia,AUS,8.00957859523703,8.24547229775226,7.51647019206547,8.61699220012359,8.25994723334962,8.21780561518908,8.86597121815149,9.08024354631229,8.59507271707415,8.50727355091291,8.42334235303534,8.37028246343707,8.73872117639624,7.1390032105503,6.66882809906487,6.69524510532921,6.84431057040494,6.93909668090708,6.79063767863999,6.79485997264367,7.15970778869288,7.47757918565741,8.44266614733211
Renewable energy consumption (% of total final energy consumption),Austria,AUT,25.2632587764402,24.6221106877061,26.2464812478652,26.4560455204525,25.7487397976017,25.733125204484,24.1397966057486,24.9623236107299,24.4939345671131,26.5123960140996,26.4658145235368,25.5609505114321,24.6746189093088,22.56999759355,23.202220467503,24.3105612361576,26.6330680826674,29.0550568426897,29.6362040010762,31.3149119907765,31.3980513617781,31.4592780403524,34.4505992144591
Renewable energy consumption (% of total final energy consumption),Azerbaijan,AZE,0.722063011932637,0.804646550220814,1.21725036406601,1.98306620041361,1.51596187559558,1.36684084228236,1.73890098862679,1.98985025197191,2.48438197984084,2.14393579391387,2.06564431779908,1.7525232096725,2.35189741781642,2.94478201634719,3.0707832916586,3.36519453131379,2.86158706328987,3.78870173734568,3.08630679458219,3.26914563327753,4.44973391611003,3.55633055607038,2.84552172971103
Renewable energy consumption (% of total final energy consumption),Bahamas,BHS,..,..,..,..,..,..,..,..,..,..,..,0.449767772198006,0.184470470760727,0.190026304742353,1.70458537284365,1.83633004249628,2.16824055270443,3.70660425898663,2.14533820846274,1.96346794338338,1.58860776596666,1.60849937776162,..
Renewable energy consumption (% of total final energy consumption),Bahrain,BHR,..,..,..,..,..,..,..,..,..,..,..,..,..,..,..,..,..,..,..,..,..,..,..
Renewable energy consumption (% of total final energy consumption),Bangladesh,BGD,71.9510103373562,73.4688645180308,72.009369601143,70.8445660977376,69.3706083120068,64.1883122444169,62.5450587725042,60.3922007348001,60.6611623863703,60.9721773733054,59.4263122264448,56.1885148915145,54.6776952959274,52.9792865996338,52.4565238021409,51.0560329083949,49.2991606515753,47.7081592250815,45.8084080257273,43.796466010318,41.0269065528319,39.5537384758395,38.2997229747086
Renewable energy consumption (% of total final energy consumption),Barbados,BRB,18.8289676783345,18.4077826116565,16.9193041719961,15.0300958360929,15.0384513228881,15.9355140925848,16.6657760721836,16.2908923702278,12.0588867742698,12.699561537799,13.5200193565867,12.2309698217333,11.0164454832299,9.92138968199234,9.9035359419063,9.88079704590175,9.87677487045754,9.69376896705114,8.69074110508457,8.77871557394891,8.81499567559815,9.47726964900658,..
Renewable energy consumption (% of total final energy consumption),Belarus,BLR,0.817358068211132,0.898691495048351,1.04787031889587,1.25114274109779,2.0703231074847,2.52781459268149,3.1013087059542,3.39337340411248,3.64044433633194,3.97586316381562,4.98260485460074,5.52647357047903,5.76272898248644,5.59798664211778,5.65551746766069,6.15323943322054,6.48867850718724,6.62227446966376,6.48734877858528,6.77863960526458,7.01637088092261,7.37848466775092,7.24939413080488
Renewable energy consumption (% of total final energy consumption),Belgium,BEL,1.27239572530924,1.21477908506227,1.18753608932737,0.954090854115455,0.939572844972891,1.25915265002501,1.18286242440191,1.14613640852772,1.29201811133408,1.39790263014132,1.44758085670164,1.59291385440539,1.69111246121469,1.86107943201504,2.03358922395178,2.46324834911559,2.8586845986052,3.18828695558367,3.64476891988391,4.79645851969303,5.18756007288327,5.46170735535216,7.38454222614672
Renewable energy consumption (% of total final energy consumption),Belize,BLZ,36.8089342104676,37.4323043565608,33.7269163578933,31.9758699764069,30.830315685249,42.429820593955,49.4895971059432,46.0363198826476,35.4559220818845,23.2479571476828,23.9377467094758,21.0001432116185,35.0686442465553,33.2082425726334,31.9405871482216,31.2426409750142,37.3104278343962,33.0711548073173,33.2532588280848,29.5223340448785,26.9344129004042,26.8002952634995,..
Renewable energy consumption (% of total final energy consumption),Benin,BEN,93.7032420093223,94.9648455496186,94.8518354852188,94.9888053971272,94.9750403983724,94.7719674509556,84.1459711288856,80.626437463014,79.5684250820213,76.9054227831369,70.2890014764495,66.8536931098049,64.037714645158,61.730202984033,60.6905429037147,59.1907977543909,57.3029124249618,54.4860982065634,54.7576226132044,52.8285883013925,51.5493723622777,51.1920440498255,50.5673841393421
Renewable energy consumption (% of total final energy consumption),Bermuda,BMU,..,..,..,..,..,..,..,..,..,..,..,..,..,..,..,..,..,..,..,..,..,..,..
Renewable energy consumption (% of total final energy consumption),Bhutan,BTN,97.2184631253518,97.3383447916064,98.1403636459683,93.1395399824442,93.3949760731342,92.0377098852583,95.7627259288007,95.9637205124573,95.8459433526161,95.71759131105,95.481917483727,95.1642915018414,91.1181606313377,91.9838517318145,93.7661442433522,91.7783816247396,92.0652142171758,92.3582891006767,92.0903734576699,92.8429658048288,91.3844997619076,89.9623125596346,..
Renewable energy consumption (% of total final energy consumption),Bolivia,BOL,37.3582471436157,38.2825631624475,37.0542138659755,37.2476582172998,35.5319528572661,33.5477453517871,32.0013351913379,31.5454626773898,30.1094645170949,30.16752933699,41.6104878922629,48.4619306146903,47.9769471011502,46.6614279499706,44.5789361286229,43.2343643574459,42.2540713067813,41.6027264541805,39.8256338701894,39.257996946275,33.5383341388364,32.6775903791362,27.9853059719218
Renewable energy consumption (% of total final energy consumption),Bosnia and Herzegovina,BIH,7.3000994953488,8.75951340374381,11.5737445353137,14.6094176032582,33.3861402452983,33.2229645304856,32.8526783276777,27.5982411086736,26.7391410346451,28.431085967041,19.352999992617,20.2741319907444,21.2146418150984,20.1405892366004,20.1001918063182,19.7354764855546,18.1246564250721,14.8406055266526,14.2780061153738,17.4348278875559,19.5627091983836,14.1625241678656,15.2743589615979
Renewable energy consumption (% of total final energy consumption),Botswana,BWA,47.584662684953,48.0827419112542,44.7082905187223,45.9288138390466,48.3202123795113,47.1740340096989,44.6888092551006,43.998994371925,37.0556746425425,40.945081675548,36.1365957827107,37.425131516206,35.9354772509909,34.9411049570388,32.1384456024165,30.4568304329556,29.345201713352,27.1195317802694,26.4614711470373,27.614242517659,24.1049180959398,24.5427801705814,23.8516654375521
Renewable energy consumption (% of total final energy consumption),Brazil,BRA,49.8646775482228,48.9381579154782,48.7011892213837,48.1990921555183,48.351120010407,46.134347076345,44.5328773584286,43.725108140171,43.8615751849275,44.0972827670298,42.7987681959272,41.4778839036625,43.0245618323217,45.3086686424626,45.3899675863294,46.3477210538813,46.9049235289511,47.4176675601042,47.2633035529622,49.1143486334211,47.0080898079932,45.470280030075,43.6265127763827
Renewable energy consumption (% of total final energy consumption),British Virgin Islands,VGB,100,100,100,100,100,100,100,100,1.48922320615086,1.53411229339175,1.56401563076462,1.62376785009595,1.51164193950108,1.28866192786474,1.20513329479429,1.19869000623927,1.11208464935537,1.13805540155852,1.13657215383957,1.05655837717205,..,..,..
Renewable energy consumption (% of total final energy consumption),Brunei Darussalam,BRN,0.67173331351271,0.432139214083537,0.205780619702284,..,..,..,..,..,..,..,..,..,..,..,..,..,..,..,..,..,..,0.0158307065371632,0.0147907958516751
Renewable energy consumption (% of total final energy consumption),Bulgaria,BGR,1.91684785491297,2.25103062963767,2.68298267077294,2.46780521451471,2.38215650723172,3.10694295311603,3.54742366078211,3.81092708331167,5.88959190384208,6.6234631699608,7.97501570409297,7.28293858639017,8.74157507886482,9.16016561968183,9.60140198460302,9.92950790732159,9.97381590334157,8.84778521927396,9.93591624879217,11.66017353708,14.3681095650902,13.2755591691211,15.7507407035973
Renewable energy consumption (% of total final energy consumption),Burkina Faso,BFA,92.3710331358515,92.4789602729207,92.5083982049418,92.7043937163953,92.8220526906763,92.2980970165843,94.3268644180488,93.7683154730193,91.257008429573,87.3308074437821,86.4814847269187,83.6759065429996,79.3413547097647,79.0789719016461,83.5280654024697,86.5436711611852,84.6156802723784,82.439590008723,82.9496236007831,83.7524271393132,83.685211868941,80.0100589387548,..
Renewable energy consumption (% of total final energy consumption),Burundi,BDI,83.2391935965169,80.93318280624,83.298377162925,82.9424623026054,83.309158300297,83.0955846150621,96.8706724285936,96.9054223342819,95.7998055958234,93.958119880891,93.4506114422416,94.7179722893494,94.5981471938052,95.779748175272,97.2307499655437,97.2585697381878,96.8446004608519,96.8686527755101,96.8344893326492,96.9100918094138,96.855982963671,96.6463198255364,..
Renewable energy consumption (% of total final energy consumption),Cabo Verde,CPV,38.1955465688786,39.8314985659314,39.7354635249167,41.4252934694648,41.2527208451079,40.9073241844393,37.1797011180596,37.6661736419362,35.6729991677399,33.1963827502029,32.6961570100014,31.8600528015946,31.7522546907416,42.7255730897046,42.855129186073,41.263924945156,41.6379614426991,42.8638727941136,40.8078785160633,41.5761608533879,27.6235505341869,21.2017319913292,..
Renewable energy consumption (% of total final energy consumption),Cambodia,KHM,..,..,..,..,..,82.5342557050295,82.766292273931,82.1962587195675,82.0002808280143,81.674856215576,81.1360839688966,79.5880005374436,83.0197832909217,82.0680759282427,78.2045939213662,75.9883578371046,73.7415395207843,70.8253912640067,69.0198560024534,75.5976906901788,73.3050970777508,72.252127091653,72.6311873998056
Renewable energy consumption (% of total final energy consumption),Cameroon,CMR,81.5931355013817,83.1895715444987,84.4345004970306,83.9366273452183,83.6094082292476,84.47742076301,84.9378306794469,84.5769505333591,84.3765733541423,86.1299104570934,84.4826191933495,85.1956242558743,84.7272293503226,84.7650726909253,84.9924071925814,85.7779938298393,85.4240336388753,80.7121020569158,80.7141252088346,79.0934678773147,78.6042373329337,78.441179507989,78.11013984318
Renewable energy consumption (% of total final energy consumption),Canada,CAN,20.5656398702969,20.7795667111676,20.6556409269247,20.4455817151248,20.32336841594,20.3995454879237,20.4391641802149,20.3248214982727,20.2537949384002,20.6869303441099,20.520575437325,20.0170750942119,20.701616876018,20.284564768379,20.4533550175301,21.5059415279076,21.2286935374724,21.2078098523893,21.4080689489726,21.3663880796499,20.6560972863199,20.6911805749275,20.5987217759522
Renewable energy consumption (% of total final energy consumption),Cayman Islands,CYM,..,..,..,..,..,..,..,..,..,..,..,..,..,..,..,..,..,..,..,..,..,..,..
Renewable energy consumption (% of total final energy consumption),Central African Republic,CAF,93.8728159003531,94.1327771058429,94.4682948873323,94.2917245789254,93.6974730058702,93.5543504318051,92.2526216263256,92.4329191046629,89.5572574591704,86.068263554784,85.8919806067607,85.6749046854871,85.6749046854871,85.5312686919955,85.9689764335054,85.9836036268845,85.1435152604334,81.2148548438506,80.9396161957201,80.9414774222293,79.8106143056122,78.3746143693353,..
Renewable energy consumption (% of total final energy consumption),Chad,TCD,95.0454927135541,95.8004596884533,96.335025249659,95.6494892254095,95.798469199115,95.8293229346008,99.067406815859,99.0896280661457,97.8697231262676,97.5245067507755,97.8417629350029,97.9226438717899,97.9892133174321,94.0234270669364,94.1573858212266,91.7272662885676,91.8099174724698,90.7142471807264,90.0684409697166,91.0654463886634,90.7999086134263,90.6072397721715,..
Renewable energy consumption (% of total final energy consumption),Channel Islands,CHI,..,..,..,..,..,..,..,..,..,..,..,..,..,..,..,..,..,..,..,..,..,..,..
Renewable energy consumption (% of total final energy consumption),Chile,CHL,34.0268714848451,37.2727743187684,38.6176632991073,35.770400672934,34.8176805302916,34.167534140248,32.2306616447877,29.9535636956533,29.74520242612,29.0542062371539,31.3615102671495,32.1460364320407,33.0692811615978,31.6138702058328,31.4339173393166,32.2202325026796,32.8539141356334,30.4090953825838,30.7730425973551,31.4647877825175,26.9673976150206,28.7220853776592,30.2726133007203
Renewable energy consumption (% of total final energy consumption),China,CHN,33.5405073683709,32.7396278891858,32.3891256458452,31.1413073035828,30.6934874642879,29.1067047719689,29.6353401656725,29.712215087848,29.523387135329,30.3153110186765,29.1682486951031,29.2734076134381,28.5808692517031,26.0446176581144,23.3465644408899,21.8242821020292,20.7404210334568,19.9608721903316,20.0145831484584,19.7772173765689,19.0791252999497,18.0164825235789,18.362548391687
Renewable energy consumption (% of total final energy consumption),Colombia,COL,38.2511920852641,37.0012261111514,33.2275356111545,33.2047855413025,33.9722384752458,33.6999009561671,33.7754005931054,25.8003451642573,25.9386801970089,29.1354663659609,28.0256569260296,27.2294944381321,28.786645375676,30.6858215053174,29.164608263188,28.7256195745181,28.9802242254499,29.6609305075387,28.9592408661047,29.5546086326913,27.9315336623273,26.4177417436926,26.2744366573836
Renewable energy consumption (% of total final energy consumption),Comoros,COM,72.9505089158303,73.6325550463358,74.4056425580698,75.1548528408643,81.9286318022924,82.4507997838858,67.6518501104947,66.4470747568125,56.0978973311365,55.4349933640033,53.5596988555631,52.8660156186508,53.3603064850683,51.9466040801467,52.0526163525755,52.4150549003373,50.6366429788104,51.0619209643905,50.9983629722011,51.7910887570109,50.2037933798067,46.8494501374422,..
Renewable energy consumption (% of total final energy consumption),Congo,ZAR,92.0477354529761,95.1388228634414,95.8752245544073,96.1132751499588,96.6091317603959,96.8956830905356,96.9615901655903,97.058550178224,96.8499773765334,96.9970480624581,97.9399580928223,98.3426158551803,98.2699435409256,97.971471141504,97.8819475439892,97.4213022221739,97.3421188133989,97.1900495400873,96.9835140897736,97.0370061408664,96.8440123751237,96.2616685405722,95.9568960827503
Renewable energy consumption (% of total final energy consumption),Congo,COG,66.6989054525578,67.2543730458136,69.1369991946785,69.4999554093492,73.2603466284918,73.5234148559844,75.4096460190946,80.3105487731066,79.5684722743362,79.9005741700086,72.6933362276179,68.5533668037401,73.740150645982,66.4480818133803,65.6737109746694,64.8921975158979,61.2787419666,60.1622120168438,54.764097833708,52.8952386293123,50.1436378111612,49.544628062836,48.1863066589929
Renewable energy consumption (% of total final energy consumption),Costa Rica,CRI,45.3954301152268,44.6955874886398,35.1157417405668,36.2811164037333,35.8219170895623,35.0696702535428,36.676671651031,33.5826903230319,28.8904966610502,29.9057403465573,32.9638520690931,32.123929593973,32.7704591569404,33.6886834744623,39.04892484978,40.565486757646,42.2648730387072,42.8579624323117,43.1303635478864,42.2682696896976,42.3126669438542,40.5023101876756,38.6240329941807
Renewable energy consumption (% of total final energy consumption),Cote d'Ivoire,CIV,72.0451451486165,72.4576455539681,73.0938002808645,73.802532177784,74.1782648102444,73.4686885468365,72.5345805914878,70.8834254927605,72.0158217432538,60.965267623011,62.8588804237757,63.9280017984571,64.3786884815962,69.2533024924588,74.5955567198317,76.6070368233682,72.7949524671956,75.2496733129557,73.1351046454869,72.4249908769227,75.4242067587347,79.31484698331,74.3988993949229
Renewable energy consumption (% of total final energy consumption),Croatia,HRV,13.7120133960044,19.7955203496126,16.0628854775489,14.8580598113117,17.4765208378768,17.4686100908488,21.4866782670505,18.0727657328639,16.5638455216507,16.3942965598597,17.5299596401931,15.5552072509014,13.8737611882113,13.6697034907324,16.2622241416049,15.7394451033429,15.5989553516132,12.3844218780574,14.2122276817464,16.9475319668338,19.4307060273165,17.2173333186891,19.9681308404715
Renewable energy consumption (% of total final energy consumption),Cuba,CUB,44.2939378821692,48.9633559670719,53.3172398115661,49.3539554931929,48.0738557675281,43.1735688970442,42.9608276167132,38.1622656757443,36.1750337126564,35.0445652840672,35.6629459494037,35.1258305155107,36.1565093814531,34.9495175478635,34.4756522907895,27.7844490352887,23.2112410377716,18.5416474923841,18.7076569166623,19.1576292914472,17.3018654319709,19.5278621003757,18.8740932571624
Renewable energy consumption (% of total final energy consumption),Curacao,CUW,..,..,..,..,..,..,..,..,..,..,..,..,..,..,..,..,..,..,..,..,..,..,..
Renewable energy consumption (% of total final energy consumption),Cyprus,CYP,0.495918964922901,0.365789733485309,0.34707837407113,0.334850837421637,0.723175530138861,3.35429813223588,3.35707686488695,3.29405899551671,3.26216043149985,3.22662800254644,3.09666225479468,3.04747278867481,3.17642021868451,3.25715918481323,3.30433120707234,3.3648504485049,3.51572700113054,4.35531045686998,5.49365100767614,5.97851476423182,6.3532230485388,7.41574686134132,8.36186119085652
Renewable energy consumption (% of total final energy consumption),Czech Republic,CZE,2.86228819208667,2.56202383537875,4.24352432607019,4.27916554073677,4.93832704038829,4.36328473450421,4.3858888637783,4.60986671249623,5.06040578711908,5.4347821790571,4.83910348860216,5.2932175678766,5.75647705549707,5.57277082750192,6.09069429653817,6.39173064706802,6.82725041119323,7.67556384416891,7.85703068941912,8.71084576069729,9.49242779015241,10.2369266855312,10.9261400017188
Renewable energy consumption (% of total final energy consumption),Denmark,DNK,7.04715476613245,7.07516519755505,7.75058222383657,7.70535218159588,7.33580603179898,7.52278908800513,7.27042775863341,8.11695722025087,8.52622210659535,9.07698285147224,10.7456294930867,11.1305051211552,11.8718669529806,12.7252731191372,14.4559935041649,16.1396788060256,15.2853138302401,17.7163367042722,18.561323064836,19.3492555886752,21.2844587578086,23.952307126784,27.563600720041
Renewable energy consumption (% of total final energy consumption),Djibouti,DJI,37.7649350548025,38.7278236129188,39.8392554437566,40.7643023305148,42.0672933026253,42.4218076665281,43.2981034095091,44.7290944642398,31.9614551938823,31.5054935597583,33.9327196018631,30.7143906404877,30.836482406918,31.4589007703801,32.1465059809164,33.2147559863273,32.5520007808102,32.3054709566545,33.1434498843727,33.3129716017076,34.4333386851789,34.4441895634032,..
Renewable energy consumption (% of total final energy consumption),Dominica,DMA,23.4877794926965,20.717595261706,20.6991132359023,18.7205415507792,14.9748158490014,23.8383089984498,32.7012878764849,21.1556576745138,14.4304959773695,14.0768086626616,11.2305878415586,9.29447368364837,13.3853456387679,10.9905245061618,12.4656189447222,10.935293834968,10.0162562269539,8.81440474548417,8.46618983494565,9.01165397509767,8.88422013371425,11.5508478042034,..
Renewable energy consumption (% of total final energy consumption),Dominican Republic,DOM,25.6233448018816,25.5476544976899,22.7404935417792,24.2732131467338,21.9081318253607,19.7541522910414,17.8108698926659,15.8413249674329,13.2473381631482,14.309346270368,13.1368469816228,13.1797639429975,14.684713248267,15.8750827534981,15.5281448354125,15.1366870295591,14.1721169937827,14.082172329156,13.9169518963107,13.9534137892046,13.3084032174691,13.2016280824302,13.192353574874
Renewable energy consumption (% of total final energy consumption),Ecuador,ECU,24.1985468457167,24.1630953458897,20.8003598257958,21.6184869474379,20.8531660825234,20.3541267442867,19.2914636507906,16.5427916540158,18.1907480090177,21.055780099838,20.0327158014192,18.432833956271,18.0579372559657,17.970485728209,16.9030942485282,12.9190026916128,13.4001111082406,12.9310695986244,14.7202802410828,12.9779372865969,11.929304634258,13.2200206810377,13.3734071374082
Renewable energy consumption (% of total final energy consumption),Egypt,EGY,8.50062034551777,9.04959477030122,8.71271817721521,8.83657119761313,9.82608042971652,9.00098730418366,8.67609214110744,8.34291656419881,8.2467056398874,8.55818217594684,8.10029727892829,7.69634779133404,7.23944586818018,7.35729799837464,7.50515288628322,6.45250423291543,6.19568385477408,6.05681866389491,5.9313822691482,5.718877477217,5.67095665934992,5.51838831863504,5.4994256110512
Renewable energy consumption (% of total final energy consumption),El Salvador,SLV,67.1370452744526,64.7259267619248,61.6887599964692,59.3420840823013,57.1983312068007,54.7469833402453,56.9374478260705,53.0623622232805,51.5865785693122,51.0075720989605,50.8640559769415,50.1925685531554,50.7423465953153,47.9791078413611,47.3896297776183,47.1916378858161,47.6504927408123,37.5253714561191,41.1951589495287,33.2300060799389,34.1273882098558,34.0188568424549,34.0116111235761
Renewable energy consumption (% of total final energy consumption),Equatorial Guinea,GNQ,81.8460671695515,84.1422232925475,84.1110139219835,91.4813731614471,90.578024338416,89.1598304280413,82.1980553946491,70.283626126847,67.8407305848903,61.4159313821894,53.0091489970727,48.5326286332374,39.8339780212694,36.8023643992399,36.4171958101926,34.9107536121686,33.0747986472363,31.6520805116633,31.4284609921197,31.3274284898617,31.2768005113449,29.8151424066013,..
Renewable energy consumption (% of total final energy consumption),Eritrea,ERI,..,..,89.8200788803735,83.56583775043,80.0938831570598,77.8912647654744,76.3771555133681,77.601173387124,75.0037995640254,76.1296864688803,76.7829730271707,74.8450945260261,74.8274148799599,75.0437488525461,70.0994794609383,74.8597928179762,78.5622510256234,80.0233855015788,81.8985141448229,81.8060600209593,81.2465788707768,80.7803657418306,80.4218971686481
Renewable energy consumption (% of total final energy consumption),Estonia,EST,3.35607870046976,3.52622144961467,5.90659056827313,6.70518743996381,9.2687256910136,12.305899518097,19.5361957105775,19.7310713045702,17.7379500654789,20.0640466185486,19.8341424554925,18.9365475094782,19.415355903126,19.8299153876717,19.9871453217642,18.8612355033996,17.16307899898,18.5652567833035,20.1889985361347,24.0887633719319,25.1298836575445,24.9835412164041,24.9085515162449
Renewable energy consumption (% of total final energy consumption),Ethiopia,ETH,96.6618728060623,96.7765167166741,97.8127383249568,97.2617187755093,96.9523445227422,96.6825678486374,96.3819254851325,96.2488971247761,96.1549210215053,96.2323960717204,95.9838622419246,95.0859356537645,95.0330138299094,94.7943896570979,94.6464518399436,95.061780946857,94.8197818678661,94.4091424984185,94.3627602892112,94.477742530037,94.444621426701,93.9846829704548,93.4906201930365
Renewable energy consumption (% of total final energy consumption),Faroe Islands,FRO,..,..,..,..,..,..,..,..,..,..,..,..,..,..,..,..,..,..,..,..,..,..,..
Renewable energy consumption (% of total final energy consumption),Fiji,FJI,16.2772139226648,14.9959469703108,14.4423036983079,15.1944267511498,16.2061069918157,15.0926850116691,13.6613507997994,15.3363467779679,16.9508539799088,15.0438939561326,13.378333245677,11.1853628254593,13.3110973680116,11.1432364162864,8.87430492454534,8.57641874893556,8.6367818520811,12.741328392832,14.41835971065,17.9956364384356,10.9109119572582,12.2221321370606,..
Renewable energy consumption (% of total final energy consumption),Finland,FIN,24.6276248715247,24.1292463255843,25.2290874475411,26.1041640893884,25.2488880774073,27.4024117597983,27.0126472349878,28.9692784230465,30.6765924221636,30.3657059076042,31.5632956368972,29.3827394419896,29.5791742722651,28.4468213339245,31.1123519813235,31.624156011673,31.3526795486772,32.0914125450325,34.713432585739,32.4399575242845,33.517270330549,35.1273844891188,39.1158770869893
Renewable energy consumption (% of total final energy consumption),France,FRA,10.4047482622432,11.0091052305274,11.254969017241,10.8276389998489,10.9324202945469,10.7005075570794,10.4952969292824,9.98695234603398,9.60752996988876,9.67369795860755,9.24449384903454,9.32970454994528,8.59265172841546,8.72971243654414,8.7957278517271,8.57164685239483,8.85499850474828,9.58751616752102,10.803314842722,11.5220974638671,12.1825851406197,11.3047732278128,12.5887942241418
Renewable energy consumption (% of total final energy consumption),French Polynesia,PYF,100,100,100,1.3061559616092,1.28694931408337,1.23868653294982,1.26358560195566,1.31596338742733,1.54736934778236,1.09367769206409,9.36609572964746,6.50509127024272,5.90544538482541,6.85889299320555,7.45695552186644,7.74841791654859,9.71737343475381,9.39144613937934,8.93964777704091,8.97676864341255,10.6922138428857,9.37770778185819,..
Renewable energy consumption (% of total final energy consumption),Gabon,GAB,78.2806720729829,75.1504320913265,74.7817285966014,73.805127335772,72.8930062828129,71.9439034445401,71.4867402839014,69.9732074488907,69.6697472498655,71.341338230888,72.7791214034539,72.4677028382373,75.0813508155743,76.0643422915839,76.0560145299491,72.6537726622627,71.9744954793654,71.9779868294592,70.544150209437,69.4129747990212,68.3401897363709,68.2558799445939,69.5713728500493
Renewable energy consumption (% of total final energy consumption),Gambia,GMB,58.6692453117191,58.0809804006051,59.1608904669494,60.8372182131681,57.7567872426531,52.1017273054694,50.0049402232981,48.2875580908751,46.1858692338322,40.1184626660089,50.1097092704334,46.4647936008264,47.0622876341764,46.9506727514635,46.2936677312997,45.9866603499396,44.9041123593681,53.0527860563297,52.1731691754087,48.6145040179951,45.0891427820892,48.834288700662,..
Renewable energy consumption (% of total final energy consumption),Georgia,GEO,12.7739964163566,14.1187504089159,18.5420529805552,26.0261884170452,22.7022876907653,46.3946542040109,42.7539617317372,44.3637925479067,47.5289814257877,49.6630880028593,47.25427556885,53.1458216088192,56.7580059298504,55.3320069742401,54.5306555838274,41.4816112311855,37.2176354159545,36.2244416644042,36.3021586285095,36.720409933902,40.1223222232354,31.5376625508255,28.6926218930002
Renewable energy consumption (% of total final energy consumption),Germany,DEU,2.07964991278278,1.97457700164316,2.04518352149454,2.09723017882083,2.24374130324217,2.29399982511104,2.23824002313388,2.80965062209886,3.02867624879091,3.24549135141051,3.68145701193655,3.88117775206552,4.39248339364624,5.04317606079083,5.81031549005128,6.75239994373385,7.74414209332183,9.38975984699233,8.57843653519567,9.61906315097294,10.6044945707376,11.5781786333815,12.3840800256717
Renewable energy consumption (% of total final energy consumption),Ghana,GHA,80.626406012763,82.9283565358116,81.0012416763736,81.2972843870377,80.557616269289,79.7893684155345,78.8291791391992,78.3390493317545,73.5758309042548,72.7814423134701,73.4918958358161,72.0476091076336,69.4393509584265,69.1406815021013,67.7339422015707,67.3800174914989,65.2714477123409,61.9800438194832,63.059448270638,57.4619916086106,56.6273746995965,53.4991253045253,49.4875219320513
Renewable energy consumption (% of total final energy consumption),Gibraltar,GIB,..,..,..,..,..,..,..,..,..,..,..,..,..,..,..,..,..,..,..,..,..,..,..
Renewable energy consumption (% of total final energy consumption),Greece,GRC,7.80688282902279,8.31686024514837,7.89938336711728,7.99461030875467,8.037284004081,8.31138943507052,8.20918018909057,7.83403781274706,7.38036763774125,7.83406012384893,7.52078592971862,6.81372985616343,7.01557758404528,7.28268484955151,7.52549205645377,7.71483232229846,8.20654302000617,7.92660122807881,8.13011092171599,8.94063443742685,11.1215262516397,11.1240528610577,13.8954403683446
Renewable energy consumption (% of total final energy consumption),Greenland,GRL,..,..,..,..,..,..,..,..,..,..,..,..,..,..,..,..,..,..,..,..,..,..,..
Renewable energy consumption (% of total final energy consumption),Grenada,GRD,7.23630039996016,7.02946133325277,6.70606591330535,7.06185182601165,6.43723455781818,6.48199951547172,5.36165651144453,7.4535821497971,8.9493780222112,9.09289406372013,9.26991995145992,9.22932661064979,9.29738729233095,9.27419488176756,9.38978747267614,9.39184530019239,9.21045634468632,8.79994197558856,9.49738462553281,9.29471496718233,9.34845259908026,10.0301355572773,..
Renewable energy consumption (% of total final energy consumption),Guam,GUM,..,..,..,..,..,..,..,..,..,..,..,..,..,..,..,..,..,..,..,..,..,..,..
Renewable energy consumption (% of total final energy consumption),Guatemala,GTM,74.9653246941956,74.2551983152425,72.2855286354631,69.9234479873482,68.4904832444902,65.1427657060617,65.725370402053,65.3040057972242,62.0397113917965,64.6055201693957,62.7429437985933,61.3947563808347,60.5350729717781,59.0106288690289,57.5529414682239,57.3263235609162,57.9034339050668,57.0325696821946,60.7847839784417,58.3026768872818,66.5854373184828,66.4174054652603,66.2195613497278
Renewable energy consumption (% of total final energy consumption),Guinea,GIN,92.5939843423053,92.7056261262127,90.8094875117142,90.7248027805932,90.9320397748388,93.6429618622541,93.3714832161468,91.6191589761651,87.8335163539725,89.7384428618614,89.6427724891982,89.4263981763262,89.3971846404262,89.2109334310057,89.3316653079404,89.1759219542324,89.2795401789846,88.9971406666592,81.1857179801885,80.3042254783185,77.2285011374991,76.3215213851067,..
Renewable energy consumption (% of total final energy consumption),Guinea-Bissau,GNB,93.130391409867,93.8780467135749,96.5373523891821,96.0683912023278,96.1516811606862,96.201939442906,96.7372196580605,92.2849452236262,89.4272920249683,88.5932320445538,91.5578508663667,91.2256471189851,91.0549523764439,89.2738499633877,88.8098119686146,89.3132494988181,89.0937949231025,88.5686301285502,88.973762360904,88.8170573857146,88.7823907249743,88.6336059577989,..
Renewable energy consumption (% of total final energy consumption),Guyana,GUY,50.6686749017165,41.5435357225994,50.110639322388,44.7310079206196,39.7079496066095,38.381400655035,38.6081920319919,36.933878671658,34.6520745404027,27.2734346626952,30.6350509268643,31.354894963514,34.6809666132435,35.5579429247533,36.6176045457411,37.015011394361,39.9047952898535,35.5507739320584,34.1514989318498,33.3627620665592,33.663856465925,36.1084556838633,..
Renewable energy consumption (% of total final energy consumption),Haiti,HTI,81.11954468781,81.6923612495778,83.4271170319138,84.6097082725713,95.0395904523914,81.3191636273851,82.1801689919453,80.5882069096805,79.3002028684916,77.0639304848863,76.0401421634405,73.8846796029497,74.7519840444423,74.9226503195898,71.2899329600309,76.8986791667668,77.012623222108,75.559091618494,75.7654725456296,76.8704137591965,79.0248407867626,79.0056504878541,83.090350574474
Renewable energy consumption (% of total final energy consumption),Honduras,HND,70.1290924438989,70.2018939553475,67.7491212305113,66.7250502167995,63.9468699038747,62.9696965475644,62.6305839639423,65.3814725339092,62.873045841674,53.7641067774171,55.1276055103651,50.5439978319531,49.5629190689684,48.4529804972627,48.1921437193057,49.8078149588079,51.5720361690402,50.1315289313249,51.1581511213266,52.5756534201283,53.1342944898352,53.9132038101431,53.3861507468136
Renewable energy consumption (% of total final energy consumption),Hong Kong,HKG,1.07385345033846,1.04143353679882,0.888649965869989,0.898037548624625,0.805324163449247,0.837323033422706,0.858602555868173,0.832094657395412,0.618447219824412,0.52505871699308,0.597432159196269,0.602490496341719,0.684345231438134,0.696847569898258,0.753484510920282,0.759138100731439,0.734376975101361,0.70036939443679,0.723819339330752,0.649481632121508,0.834900163024801,1.06513436699193,1.05731360254894
Renewable energy consumption (% of total final energy consumption),Hungary,HUN,3.86626659674647,4.28461362907587,4.89557840713229,5.0583995344369,5.12116480679499,5.43214029760998,5.15590363574247,5.24039249594359,5.20028221807398,5.16978117689187,5.17855936505006,5.1315583761503,5.17716357851502,5.0185628166269,4.63897418129332,4.67484635151847,5.37572533913506,6.15466738785376,6.77067238979617,8.41440174940841,9.05342582385858,9.6424529061443,10.185499566551
Renewable energy consumption (% of total final energy consumption),Iceland,ISL,61.8162962185021,61.5993427747773,61.4401656802409,61.9085332136816,60.0445149852485,61.6159738886561,57.8370554837641,60.2415432975605,61.8438160852835,65.2181850874267,65.6445004828963,67.0417534121285,67.0014937765208,67.1425068481398,66.2324333514991,66.3206456794882,67.4539209270927,67.3029600089478,73.923788996774,74.9728027739006,76.1011696732484,77.2675060017114,78.1393236888574
Renewable energy consumption (% of total final energy consumption),India,IND,58.400570377334,57.4693783135454,57.0625326417371,57.0135620529139,55.6752765424362,54.8978207454893,54.1769142342217,52.9224545717846,53.2725935443857,52.4331153100111,52.3787225266651,52.6332421381312,51.4171419315743,51.6720251388905,50.5004513483412,49.445016989827,48.0095813309656,46.8899204722579,44.9779354886089,41.7818754711342,40.6255293828558,39.8541300419949,38.9906216330861
Renewable energy consumption (% of total final energy consumption),Indonesia,IDN,58.6457117730472,57.8657834741934,56.8492617058069,55.4522989775389,52.8220861943979,50.0942645859451,48.7468486699259,47.0852116401832,48.2984893294883,45.3000987634011,45.1516922088895,43.9272000630437,44.308649112247,42.7410579731114,41.3894714438428,41.4349929450222,40.0260480264399,40.0181408690573,40.2252596440931,39.0743685267455,37.8401641128113,38.4507992252419,37.0628533793735
Renewable energy consumption (% of total final energy consumption),Iran,IRN,1.23835978126456,1.22691722427762,1.44947095622596,1.52814695693442,1.08696505408311,1.01808723513119,1.0323033338389,0.898435888395416,0.841586676894261,0.585874099399591,0.438399862227081,0.517153430293761,0.663698499226374,0.829612839772611,0.736264447978232,1.39811274135838,1.39577592407383,1.29922679203027,0.699714779157989,0.779662524211648,0.895194789085619,0.911569389443978,0.929497113935958
Renewable energy consumption (% of total final energy consumption),Iraq,IRQ,1.63461738039427,0.717807097773763,0.473952385046752,0.38934077394128,0.357379275961483,0.350470765522471,0.34884720391313,0.381584431584773,0.371382007755327,0.369189882260223,0.34569836336243,0.333923858204212,0.294813164017923,0.29561758681098,0.279271904365968,1.97130101088433,2.60662034754182,1.87135187919748,1.09425559465815,1.21288491094463,1.64929337693482,1.32394791367872,1.58612909812262
Renewable energy consumption (% of total final energy consumption),Ireland,IRL,2.27978252169325,2.22917653177615,2.15872741395533,2.10704959647244,2.1755848618293,1.92243573519859,1.93475362518752,1.90073867593301,2.27773100842707,2.05684896362484,2.03416688841973,1.97160766398887,2.23542917251416,2.00824112089285,2.29533353738932,2.87863300288899,3.20027820689643,3.55132355939997,4.1505210250351,5.24318176019793,5.25910935007182,7.08741390399967,6.95511278314283
Renewable energy consumption (% of total final energy consumption),Isle of Man,IMY,..,..,..,..,..,..,..,..,..,..,..,..,..,..,..,..,..,..,..,..,..,..,..
Renewable energy consumption (% of total final energy consumption),Israel,ISR,5.80024860524482,6.02540364085318,6.24488184733476,5.89105785242541,5.64908136228379,5.43627783993272,5.44661377714578,5.69790592387286,6.07462708562225,5.86872904537588,5.97063975646,6.29768690732468,6.51774001113083,6.5206491405296,6.7138980167059,7.00040107927319,6.82470302977307,6.65040571306291,8.82217835248971,8.41705188045329,8.50335600889084,9.02175159345035,8.67849741480222
Renewable energy consumption (% of total final energy consumption),Italy,ITA,3.78146416917913,4.66941366734617,4.83946408626496,4.77149629687829,5.24802326784931,4.46227890246294,4.74891430541099,4.83141908541733,4.7576262374591,5.02246020247964,5.12015985851076,5.38256616749244,4.86718938537116,4.5731601126935,5.22304677418679,4.83175506565333,5.36541392468565,4.99771805220584,6.27656314710452,8.63382375717444,10.0936636417561,11.1002348529515,12.0920152700607
Renewable energy consumption (% of total final energy consumption),Jamaica,JAM,7.63335729222746,7.69322751653302,8.67590279404321,10.543320867154,9.2598073725284,10.7795998641385,10.1242077779209,10.2933026757649,9.37186943613637,9.33130380089618,11.9021413382367,11.1509995345119,12.7328520656135,12.9968190470295,11.4782170828349,11.3228289753577,9.30919337329087,9.4977948378783,10.7636801144421,14.0344057516173,13.705624180107,13.8752650263304,14.6560722397136
Renewable energy consumption (% of total final energy consumption),Japan,JPN,4.42640668902335,4.58620843745135,4.0842210259709,4.31942204510882,3.44534260674748,3.81723218685907,3.75131366615919,4.03004076464712,4.014320901442,3.80899888099743,3.86343912824065,3.7083319307875,3.67968210614586,4.0682055774356,3.97467916289522,3.65713641929252,3.98397949232707,3.74011703150303,3.92879020051195,3.98433711532464,4.49748475828325,4.62610547446526,4.48148729400944
Renewable energy consumption (% of total final energy consumption),Jordan,JOR,2.76742636410961,2.88483599115624,2.53576613662174,2.53440963811802,2.34202868812792,2.22482499857107,2.19629250375261,2.1441244658779,2.20647250992011,2.18412733645792,2.08646914861592,2.12201776800299,2.08978347659131,1.98299200631365,1.8317911504421,1.69068800365491,2.28440478698674,2.32785535277974,2.7412186840534,2.78121363207847,2.96806202160818,3.02144386842695,3.06691904519934
Renewable energy consumption (% of total final energy consumption),Kazakhstan,KAZ,1.40771708973828,1.28737688088976,1.17451770885581,1.34346377332,1.83441274665376,1.57574604588089,1.63377824157527,1.67101508774047,1.53673120532986,1.78863445548268,2.50503679260193,2.41000046346553,2.77365799697294,2.28479760062057,1.88849013202026,2.09440162718184,2.12706111752341,1.8332456546335,1.15380291928694,1.30558998955689,1.38236337672173,1.38189977497309,1.3582612145149
Renewable energy consumption (% of total final energy consumption),Kenya,KEN,77.3154894173245,78.6484178978882,79.27074274468,80.044208272786,80.6779914970324,79.3614314588191,78.594560843904,79.4175001941283,79.5739471741525,79.373617854687,78.9887976304106,80.2164968779524,80.5539601709712,83.1983423077881,82.3010288131509,81.2538386566079,79.7999172862055,80.3004727165554,80.5178616411144,78.178281250358,76.309222028074,77.1205051481577,78.5326626787352
Renewable energy consumption (% of total final energy consumption),Kiribati,KIR,13.9563881291695,14.1333156057597,14.2300908559602,14.3365773389421,15.9075834906131,14.5333325056156,11.5642196079168,14.3026986012765,11.3166039598223,16.2003305118827,11.1124707288561,7.3091707869583,5.36577344220908,5.54456919290602,1.86460186658019,1.28749172921771,1.05282907618135,3.17562955910249,3.00172981363223,4.23249273764012,2.7113568610685,2.89478866870843,..
Renewable energy consumption (% of total final energy consumption),Korea,PRK,7.66731547639809,8.06669589756333,8.35265318740897,8.67372936743172,9.75095617543725,10.4273429136288,11.1800554966686,10.7088701521786,11.0293150683663,10.4687174017846,9.75015591247261,9.63850472049265,10.0890069548399,10.3020371067122,10.3916378805383,10.2138922361437,9.93574146231178,12.0455879510264,11.2470699884976,10.7983316539919,11.7500609052653,15.878858881138,15.9830884017584
Renewable energy consumption (% of total final energy consumption),Korea,KOR,1.63194659321016,0.955805037599779,0.752918876976977,0.725977951086527,0.441574310382245,0.443589556963134,0.608637293560616,0.676452143306146,0.94891866844308,0.787124928869568,0.700449126750071,0.692195878125566,0.696660962880469,0.845579277698722,0.7702012197406,0.872923455484816,0.948657677225611,1.02492154202885,1.04621062785718,1.18534406232972,1.28778231904501,1.32246037910361,1.59882449920394
Renewable energy consumption (% of total final energy consumption),Kosovo,KSV,..,..,..,..,..,..,..,..,..,..,28.2992890041503,23.9322062020224,24.1134495410374,23.8213573645672,24.1340899309305,22.9174504295506,22.1498939909744,21.209074796302,20.5846177448972,20.944561864747,20.9454241023293,19.7435360037791,20.8900557184296
Renewable energy consumption (% of total final energy consumption),Kuwait,KWT,0.165149506250633,0.354012537207667,0.167621261836829,0.0619633858719054,0.0387487475851227,0.11568488091126,0.0694613974339474,..,..,..,..,..,..,..,..,..,..,..,..,..,..,..,..
Renewable energy consumption (% of total final energy consumption),Kyrgyz Republic,KGZ,7.92769906150252,9.01727149083056,12.995980969259,16.2002817118389,26.5167604557159,34.9747755950229,29.4990052990487,28.7494636185419,25.0742549333354,34.5489886243096,35.1666146709044,36.0053255094486,28.3045289339751,30.5182350936174,27.7143557090077,28.0354715821117,27.767591707115,24.4956223930128,22.0451740503566,24.7312599414266,25.5947975573147,25.9507401694167,22.4759417166349
Renewable energy consumption (% of total final energy consumption),Lao PDR,LAO,96.6413376615107,96.349241698994,96.0380168645376,96.0672522700335,95.7764106180578,95.6299557677479,95.3663233611024,95.2451010340012,92.3573367032446,93.3316775432791,91.2209235171599,91.6752176721494,91.1218258047739,90.5873482623525,90.106129119191,90.1481787935538,90.0836859813413,89.8079912099296,87.4875798145537,87.282447502292,87.4775221902361,86.5279217784091,..
Renewable energy consumption (% of total final energy consumption),Latvia,LVA,17.5696878743696,18.7499703856266,21.6850045638216,25.5043095662682,28.4913211512894,32.5915514069414,32.1567267561004,32.9422898319654,35.4061976530217,36.3893623019168,35.8203864371786,35.3472301779952,34.3825922515251,34.3376517943378,36.112486353642,36.3004978393049,33.9989536725945,33.0753956867484,33.7049431545292,38.3941407733834,35.2677525128485,35.5350854111284,40.366469498026
Renewable energy consumption (% of total final energy consumption),Lebanon,LBN,11.5053975177003,8.64478645278614,8.16135203321133,5.55432804733907,5.45600543771311,4.60534591057726,5.10650547106296,4.77306580984888,5.63295478860792,4.3390185072167,5.01332722796784,4.51133182667318,5.83712742320007,7.56551128027649,6.62069385339122,7.02375790176154,7.64217046883735,8.7685966428147,5.73277486506802,4.29229312736057,5.27373334420694,5.23166231084594,4.97238470129638
Renewable energy consumption (% of total final energy consumption),Lesotho,LSO,..,..,..,..,..,..,..,..,..,100,100,100,100,100,100,5.35302742269354,5.34062407790318,5.31495804874637,4.18667694817379,4.1826175473664,4.12977977247318,4.2366830764063,..
Renewable energy consumption (% of total final energy consumption),Liberia,LBR,95.4323300120246,96.5754601842001,96.5754601842001,96.5754601842001,96.5754601842001,96.4092827874057,96.4092827874057,97.8565723805977,88.7650985556337,89.5334272734567,90.4974656086515,91.4244657178598,92.1992381594038,91.9963715277662,91.3809147641082,90.3282642800646,89.9150678166204,90.773480415753,92.0072994132654,92.5195901780616,90.6353364188638,89.3924845411912,..
Renewable energy consumption (% of total final energy consumption),Libya,LBY,3.12931026546901,3.01159874627988,2.8867083024605,2.70156946694601,2.36339842771778,2.19164200184491,2.10173702339497,2.12249848157568,2.14832577910597,2.0452484928866,2.0424499205831,2.03228572171769,1.96676471134398,1.96858561812576,1.89380545540248,1.84618660127413,1.91357194954304,2.05018134180959,1.79131370962356,1.64264018324653,1.6025898461421,2.25655671924674,1.69168751697216
Renewable energy consumption (% of total final energy consumption),Liechtenstein,LIE,..,..,..,..,..,..,..,..,..,..,..,..,..,..,..,..,..,..,..,..,..,..,..
Renewable energy consumption (% of total final energy consumption),Lithuania,LTU,3.09677811964614,2.88754836733506,4.60923571634041,8.89099285899303,9.82336734530105,10.3412686167035,11.473515710614,11.6195099021269,12.9265918454778,14.9732749485593,17.1855667135341,17.589418209238,17.8896252519935,18.0656461522049,18.0668004965486,17.7811241998013,17.620971676558,17.2754582238626,18.5674544982723,20.3221121185859,21.6942741128512,23.0945555739396,24.2753746699542
Renewable energy consumption (% of total final energy consumption),Luxembourg,LUX,1.72183284857458,1.70014032159078,2.01204841312204,1.99192672697383,2.82082771594079,3.99091289893462,3.06537031735696,4.38633422751721,6.73001250240234,5.86316933412894,6.85252394763017,3.43212851585546,1.31254380833659,1.27145657213715,1.36150280998946,1.89064413998016,2.09170192301788,3.63388537341628,3.96449864214496,3.73665855480217,3.66208568136132,3.71949169019675,4.14259176107007
Renewable energy consumption (% of total final energy consumption),Macao SAR,MAC,0.660982960083351,0.649200602986323,0.597540967003585,0.547365686665615,0.515099396722571,0.494974747898455,0.412109020298116,0.189323441450924,0.193516222563336,0.190328720281299,0.177028324531925,0.177169728599999,0.233927500782687,0.23079352144332,0.41029363607598,0.18935513877616,0.171152206996502,0.199679485644115,0.185137089329246,0.327903236475237,0.446786920502219,0.182574935449807,..
Renewable energy consumption (% of total final energy consumption),Macedonia,MKD,2.41018800798097,4.42483639793526,16.0079889866375,14.8491662559642,16.5824615369347,17.8018246327607,14.2069494872785,15.9012206662434,15.0713760177853,17.6768058367279,19.3762588048743,15.1686852368181,14.6324083112374,17.2920785368314,18.2022147180887,16.5900914178027,17.8653189604607,13.4034824334792,14.6675200653699,18.3977725634147,22.5935997402025,17.822637051876,16.4684817692157
Renewable energy consumption (% of total final energy consumption),Madagascar,MDG,86.2927507380145,85.3812583898044,85.7870798737938,86.3649407627678,84.7976828662053,84.9078813037452,84.4139436165697,79.0733120910354,75.8825560759906,77.5021103251856,78.3763325487081,79.9781670453703,83.4480954835657,80.568105898086,79.8304136781407,80.4223387511618,84.3062431044703,83.3181534843071,82.3015174040588,83.15031187785,81.8547731181557,78.8537331510289,..
Renewable energy consumption (% of total final energy consumption),Malawi,MWI,86.0960475995953,85.0192608113892,85.1953158366799,82.7734067271486,82.9669199146944,82.555923138498,82.0879287000302,81.8600914646217,82.0428793594129,76.4686935804173,76.8553234967184,80.26936912307,80.2338265722838,79.6213642753857,81.1675477240773,82.7128776761921,82.3068511699176,82.521875275504,80.2996739188681,81.4265335224446,78.6465215776911,79.2444554755884,..
Renewable energy consumption (% of total final energy consumption),Malaysia,MYS,13.4790902019827,12.6435090364039,11.7574802095544,11.607538987903,11.4976402965272,10.615984516297,8.96371529669439,8.13395874299851,8.66056671913847,8.81230926804494,8.23630417660951,8.01133764053877,7.27946835036621,7.01437762717846,6.74899176705629,6.5544743758638,6.66756029957359,6.16709435487524,6.39514020077342,6.24138208546031,6.04384189324147,6.54437330194014,6.79578575814493
Renewable energy consumption (% of total final energy consumption),Maldives,MDV,27.5858320035279,27.8269433873458,24.461017299994,22.8172844481375,24.8910202809489,18.5179974197916,18.4236078453278,18.0183362437642,17.1504389018045,10.2433737567036,9.32521740111007,5.19121288417206,5.13419476144816,6.91248776597468,4.1959475913737,4.98324247528231,4.20488694372083,4.13469168960408,3.52477902799699,3.21669000815659,3.41697107809033,3.23934627940904,..
Renewable energy consumption (% of total final energy consumption),Mali,MLI,88.1534396207511,88.1329505579548,87.5437895776421,87.0340701350578,87.3337618429217,87.6007568742261,88.0332317392402,87.9954082067578,85.8506825581112,85.5629217023712,85.6336062347143,85.650016662554,86.1514992981793,86.7614703358668,86.1556799766696,86.1816230929561,85.7351361019862,85.2830862622596,85.022407281369,84.4340115621177,83.9245530261314,83.8728138077592,..
Renewable energy consumption (% of total final energy consumption),Malta,MLT,0.200829816375031,0.171467309266022,0.172095909596873,0.160015256783074,0.162251620575397,0.145267098108052,0.157878183144186,0.134612355645961,0.153976594787388,0.155028440190299,0.180189382872019,0.193942779122448,0.304803993010664,0.287453321001652,0.294733739644846,0.372200179999747,0.409681401803701,0.473328625990949,0.420500604095756,0.439824043308251,0.723732527118897,0.995532050976647,2.60527016389965
Renewable energy consumption (% of total final energy consumption),Marshall Islands,MHL,..,..,..,..,..,..,..,..,..,..,..,..,..,..,..,..,..,..,..,..,..,..,..
Renewable energy consumption (% of total final energy consumption),Mauritania,MRT,40.4519932438461,40.3302327924754,39.2920905744747,39.3046831948453,42.2659151846723,47.437132852325,45.9174796198456,44.2068446431136,45.9806660806583,44.696095321521,44.4229398490822,45.3177095638217,42.0397596214498,40.1650902789596,38.5901036513864,38.7683466746062,39.1207221335371,35.62921177412,35.7953578280908,33.4255748715028,33.9988100676295,33.2825908153162,..
Renewable energy consumption (% of total final energy consumption),Mauritius,MUS,25.6598982442276,24.6297635391024,24.5900202278239,22.4312903858809,20.761728061301,22.1690883046633,17.1176094410209,17.477057467589,14.4489012298089,8.87885554684514,7.77841795253977,7.34236220453912,6.42184214364885,7.00949650600499,6.9789018161837,6.38387085006854,5.887846691709,5.33939014675915,3.60466888198996,3.63005893738419,3.82392131999718,3.36485891150297,..
Renewable energy consumption (% of total final energy consumption),Mexico,MEX,14.2175610084347,13.0215002687829,13.1971519026805,13.732167925516,12.3205562138183,13.6369583358086,13.5102359504163,13.0341785023552,12.4881554923366,13.0398569316887,12.449205897419,11.6132410832953,10.9115650533808,10.6140300194824,10.4880313272642,10.7026476956636,10.2920455601688,9.72775092157586,10.4082944672371,9.62735914888386,9.95074603463141,9.63166989165226,9.35089435158097
Renewable energy consumption (% of total final energy consumption),Micronesia,FSM,..,..,..,..,..,..,..,..,..,..,..,..,..,..,..,..,..,..,..,..,..,..,..
Renewable energy consumption (% of total final energy consumption),Moldova,MDA,1.14095807918681,1.61686493457651,2.17491020281001,2.39483009158376,2.57691830353757,2.84261726018782,3.66039713279305,3.85206851541274,4.07533050487124,4.8743683827739,5.72213563250499,5.59706960138372,5.82772506892179,5.92088362947177,4.85014845785154,4.31205725282795,4.98366236134756,4.45960020051337,4.93179563342775,4.80305026001151,4.16136400813449,4.38451434918518,4.66681646773929
Renewable energy consumption (% of total final energy consumption),Monaco,MCO,..,..,..,..,..,..,..,..,..,..,..,..,..,..,..,..,..,..,..,..,..,..,..
Renewable energy consumption (% of total final energy consumption),Mongolia,MNG,1.89263133891366,1.96959735307092,2.40017322202326,2.67180614918128,3.04339691466121,3.00933930132922,3.44085052789718,3.39440626326947,3.73914691992614,3.59398532084081,5.71347324435544,6.07487792695587,6.5002008828341,6.07998991335061,5.74470998350484,5.73066890214525,5.00724781736692,5.26355967327805,5.12451693907874,4.85454472621089,3.82654490942557,3.5439791155586,3.21669606007016
Renewable energy consumption (% of total final energy consumption),Montenegro,MNE,..,..,..,..,..,..,..,..,..,..,..,..,..,..,..,51.85521396282,47.6532477612478,46.283802264404,42.6975210683289,53.9218536499797,54.524847938436,43.1886771152975,46.1954795274954
Renewable energy consumption (% of total final energy consumption),Morocco,MAR,19.5259946026714,19.5952747226865,18.169194184168,17.663848872829,17.0845846131969,17.1890071587055,17.8793559119936,17.5608153263915,16.9275437435105,15.4674855903803,15.3253980231259,15.1868437629732,15.0156006053841,15.7764941045927,14.9594712277694,13.4067274236209,13.1895482768437,12.5633573548275,11.9805548198507,13.1757873749793,13.3763680754238,11.7989746098004,11.3375396476102
Renewable energy consumption (% of total final energy consumption),Mozambique,MOZ,93.1035742147972,94.2990081994661,93.1186876252064,91.9649277631415,93.1936209527467,92.8447552408432,93.125017627208,92.6444201060964,93.0001928307604,93.1801211800138,92.4817972186396,92.9120725892077,92.6520364960492,91.5605914619915,91.7760291511337,92.5813105158905,92.2027403080281,90.8885286220671,91.2276552165305,90.333353986663,89.9120894941133,88.9293416422434,88.4371895827227
Renewable energy consumption (% of total final energy consumption),Myanmar,MMR,90.9073564621297,91.1186645604978,90.7863328031382,89.2474008803098,87.9665945837482,85.2203679793875,84.6098365226571,85.1624230480827,83.3544719086803,82.007778874495,80.171155193345,82.4833673860272,83.0539766234928,79.8051642795728,80.4797041113744,79.8096088078281,81.5636572415374,80.8003654457285,85.8139126450678,85.5869493360762,84.950431756084,84.5191515885729,78.7238455502797
Renewable energy consumption (% of total final energy consumption),Namibia,NAM,..,38.9146030769276,37.5715091120823,36.1931621326639,31.7193467186171,32.5512808078865,32.290559222837,31.8916603471205,33.1274732057496,34.3031306953035,34.1952793233948,30.3408844864182,34.0594985244692,33.5909903269579,35.1781993020658,36.4525421571494,37.1904254298017,37.8416202642281,33.8073477704334,33.3985974797584,32.7789967329081,33.4225006895249,32.9402578329674
Renewable energy consumption (% of total final energy consumption),Nauru,NRU,..,..,..,..,..,..,..,..,..,..,..,..,..,..,..,..,..,..,..,..,..,..,..
Renewable energy consumption (% of total final energy consumption),Nepal,NPL,95.1197116775632,94.1886500577577,94.1610600650144,93.5455616616996,92.3802223716058,91.7324179448125,91.5154552441214,90.7086673866247,90.4911805982224,88.0524416973107,88.2845319519608,87.7565053921524,89.9432914762499,89.4428832038129,90.2970057544058,89.5173760278883,91.2532569093116,91.3122686619186,90.4689359373587,88.8672216651472,87.29244813036,86.9455155016799,84.7202688511678
Renewable energy consumption (% of total final energy consumption),Netherlands,NLD,1.24585415878712,1.19538502509566,1.25179594921813,1.20857273313528,1.24501407890029,1.24514486253123,1.15648794079507,1.36084238520975,1.41072640884107,1.45233208946564,1.51551469367997,1.54301527134509,1.70120623526449,1.69222271471678,2.01069241293933,2.55854857351019,2.95023403386335,3.41136692716327,3.62255514228096,4.1099058759669,3.56090749014018,4.36388832310723,4.65483804555953
Renewable energy consumption (% of total final energy consumption),New Caledonia,NCL,40.1918047079337,29.3162393162393,24.7497725204732,18.8976377952756,20.7957957957958,16.1196171809477,26.4627273083762,23.8223969010433,24.8975586529034,29.0910738903317,16.0375676653887,11.6277185106158,8.79261058343732,8.56546667586085,8.922183388073,5.98582200926556,5.74005848731357,4.92340282583071,6.37716633825147,6.15729602729774,3.03881669965015,4.00568831727479,..
Renewable energy consumption (% of total final energy consumption),New Zealand,NZL,30.0245339137076,29.6732419716365,27.6030075225657,29.243056235896,30.1926282114602,30.5795288756763,29.4508578819587,27.6328754353894,29.5533936702638,28.6058868311441,28.8877920806633,26.7905597032281,28.6643823922888,28.0092711784758,30.4291662008873,29.1773265043534,29.413401703779,29.108080270839,28.0818306762422,30.1518097948715,31.3419741503881,32.199223363926,30.7800698457796
Renewable energy consumption (% of total final energy consumption),Nicaragua,NIC,68.7659278624512,70.5230375731147,67.1172401269541,67.5614295961857,64.4944679813281,64.5360599213588,63.9430655358757,62.7337444039315,60.4172464352808,59.3843785126764,58.3667908953007,56.5691057366682,56.5884678051827,54.1164259172319,53.7840882758832,53.8538969798076,51.7613623473275,51.3688370058489,52.5674803910879,52.6935992304081,51.8890898392595,51.4944496968777,53.1203971894805
Renewable energy consumption (% of total final energy consumption),Niger,NER,86.7152588082332,87.4449132256689,87.9887569858914,86.7554118591984,87.0843792799556,88.0714935447634,88.1258512072029,90.4351557547557,90.2810961201143,89.5793653189142,93.8741543731688,93.4978850122431,93.0293983644394,92.6931190087556,91.0729572416753,90.5827584470517,89.6789032751222,87.1265688355742,86.0751672108249,82.7570303484529,80.1389861207091,81.2749467804239,..
Renewable energy consumption (% of total final energy consumption),Nigeria,NGA,87.7759786524658,86.5035702906687,84.521666636789,86.3320583788281,88.6113560326956,88.0397419479058,87.1137930972447,85.5539285862683,87.081255919082,87.1238228985721,86.1902747608863,84.5946837848701,84.5123691236299,82.9541897463595,83.9648339135406,84.0709835602512,86.1403831668038,87.3819331120362,86.3558514157113,88.8378444520554,86.7920620089302,86.1695466179107,86.4723026264126
Renewable energy consumption (% of total final energy consumption),Northern Mariana Islands,MNP,..,..,..,..,..,..,..,..,..,..,..,..,..,..,..,..,..,..,..,..,..,..,..
Renewable energy consumption (% of total final energy consumption),Norway,NOR,59.173743905187,60.784878329077,61.3789654323011,61.097334614788,60.3989536226759,60.0471317147482,57.8505502901444,58.8388738217294,59.5169135538498,59.4149496380258,60.1881270402804,59.6064060446064,59.4931102401815,56.2568695162421,56.8716053321282,58.5918110517541,57.0596828590286,57.3900610631247,58.4937349202891,56.7709199036223,56.3348633239853,56.6191862277655,58.0179485735573
Renewable energy consumption (% of total final energy consumption),Oman,OMN,..,..,..,..,..,..,..,..,..,..,..,..,..,..,..,..,..,..,..,..,..,..,..
Renewable energy consumption (% of total final energy consumption),Pakistan,PAK,57.5005349093352,58.091291072682,55.9822036712538,54.1481915322424,54.1957611761169,53.1228775943928,51.7172998354001,51.486275283785,50.9877662198998,49.6442207904661,50.3985423476435,50.773466018559,50.5651206897738,49.0902592742001,46.8304047142314,46.8014203569396,45.7807595517843,43.632682154629,45.2504984351707,44.9686439530724,45.8127399818244,45.129526148454,45.4876602788976
Renewable energy consumption (% of total final energy consumption),Palau,PLW,..,..,..,..,..,..,..,..,..,..,..,3.24943914750421,3.25052117220592,3.08178191489362,2.9300826028321,2.92640727077471,2.90332491295146,2.85617868835117,2.84502141900418,2.82324079239455,2.76531415855361,2.67902381354501,..
Renewable energy consumption (% of total final energy consumption),Panama,PAN,43.5894495133952,41.2584091196215,40.2169136377123,40.4047422062707,38.3126833313839,35.283849599112,37.3493565308026,37.0424349895057,31.9669503547232,34.216023496864,34.3978525102126,31.0479030456408,34.6302688353226,33.8410422549142,33.3819394531761,27.3867436274924,27.1072047418124,26.6091105874751,29.9738630128853,25.811009500559,24.0938564451345,22.2092691872969,22.8648390695006
Renewable energy consumption (% of total final energy consumption),Papua New Guinea,PNG,70.2227657900791,70.2390903102067,70.2009958789388,69.8540008663642,69.1982143040225,70.7809763976108,70.018963201868,68.9458891359911,68.0408387888726,68.7108443743982,66.3789066518208,63.439436200808,62.4843308623366,60.3968205017463,57.6395376584879,58.6447495938849,58.4536569164532,56.0303220776159,55.8355084544308,54.3182728300335,54.0614174652766,53.4069179427052,..
Renewable energy consumption (% of total final energy consumption),Paraguay,PRY,78.5064455742067,79.1502804323742,75.7280998317839,72.6123850324101,69.8785997680448,70.1717657089426,70.7590857522062,69.520874005545,67.4398136292443,65.8758762434218,70.4117275608411,69.8404645893371,67.6803443581221,67.0473210970815,66.7332702187431,68.8240444307279,67.2637632851309,66.7873961869889,67.9644340309437,66.3928365313642,64.2493654439007,63.1114379927601,62.6775121178113
Renewable energy consumption (% of total final energy consumption),Peru,PER,39.4258351542646,39.9131160684642,37.307755541789,37.0792570392126,35.9349834631471,33.2829935830675,31.7145306952372,31.7399001550023,32.6922926211058,30.6801338265379,32.1550679608672,34.8412958642225,34.165842637458,34.8173518051581,32.6069656425938,32.7318271265006,33.8794865340312,32.3720036946942,25.7171677551273,28.0608381738282,30.7312977917958,29.5472591623523,28.2498804521109
Renewable energy consumption (% of total final energy consumption),Philippines,PHL,50.9465639579439,51.9604080581746,48.7073919277843,45.8574672985771,44.4350910094252,38.9420020063267,36.8768638023645,33.7999072554168,33.4306112885208,34.0688292127182,34.8450275024056,33.5347138557448,32.8271548224823,32.0498721796966,31.3131855661363,31.429584165551,32.5966320125271,31.2034155746767,31.7270706769131,31.22391932194,28.8118585238414,29.4105609182024,29.4027836263597
Renewable energy consumption (% of total final energy consumption),Poland,POL,2.50148479674385,2.06466844029377,2.30274905886247,6.13110126954253,6.19514094274983,6.33252851533031,5.86500026255395,5.98236785954615,6.49587555099999,6.36730663955411,6.87473500983353,7.2361111015496,7.56117503772366,7.37763036871659,7.31674666044799,7.23382252744852,7.20867555968712,7.25342497355933,8.04523786003689,8.94486581324099,9.49526089526951,10.5797832627311,11.0841365261952
Renewable energy consumption (% of total final energy consumption),Portugal,PRT,26.9498363579262,25.7920283458647,22.4183768998696,24.3759082974827,24.9499587707509,23.7458749257649,25.3545758910824,24.5472606258214,22.4340973751176,19.027486924598,20.1140237868828,20.8279343851872,18.2798270654187,22.0924828116582,19.8693255060681,18.0727960875105,22.3317313377406,23.1480789873244,23.187645182611,24.8944631754696,27.8219899973527,27.1624980381712,25.5642514762682
Renewable energy consumption (% of total final energy consumption),Puerto Rico,PRI,1.82672233820459,..,..,..,..,..,..,..,0.515570220664054,0.724867485162869,0.733473915833868,0.941619585687382,0.949257852951329,1.08618456782387,0.571783716594158,0.552840317282269,0.569206718242675,0.665692482545868,0.674828048622226,0.679768181620114,0.688260850862477,1.00011681508173,..
Renewable energy consumption (% of total final energy consumption),Qatar,QAT,..,..,..,..,..,..,..,..,..,..,..,..,..,..,..,..,..,..,..,..,..,..,..
Renewable energy consumption (% of total final energy consumption),Romania,ROM,3.3467723665681,4.95814617441709,5.56996142438988,7.18130606159956,7.61612873906999,8.57690845095449,11.8912388881363,15.6996031068015,16.2279309366807,17.7339735422335,16.367184115353,13.3946071847062,14.4093092026933,15.671413936954,17.27532565061,18.5101675979447,17.4091213280609,18.1789272355146,20.3884623231137,22.1822711753264,24.0957091720254,21.1127321392619,21.6788334102372
Renewable energy consumption (% of total final energy consumption),Russian Federation,RUS,3.75191277792493,3.76693860676316,3.9805221913244,4.03806830556045,3.86685528354583,3.87064356360224,3.69447922122791,3.7459517707891,3.58499789577724,3.82081267865001,3.49715712636426,3.62157129603651,3.45925659788751,3.28006898519737,3.5543594346074,3.61498467230351,3.48386295308341,3.66920104857537,3.30770366107697,3.59958270368502,3.34270674397318,3.22775687220058,3.24500315811185
Renewable energy consumption (% of total final energy consumption),Rwanda,RWA,84.2706579635024,84.0627457918411,82.2460541619085,82.1946480593462,79.6226689939559,88.806771369798,89.5092366189672,93.2659739171403,92.5615880986538,92.5041784299155,89.2702577080799,89.5087965720098,90.0704613748329,87.2492271907229,87.5388016373166,89.241253792669,90.5820684525352,90.3103922376749,90.6308748513655,90.5419140386953,90.6559562460023,86.7516151627137,..
Renewable energy consumption (% of total final energy consumption),Samoa,WSM,100,100,100,100,100,100,..,..,..,47.0459250210935,49.4801845729804,47.2220650721743,48.3916690661461,46.7721944816965,34.9193603704551,29.6197713309423,29.2036886185042,28.8834033903616,27.6555876903986,26.1407562762594,26.4578249070031,23.1520742110294,..
Renewable energy consumption (% of total final energy consumption),San Marino,SMR,..,..,..,..,..,..,..,..,..,..,..,..,..,..,..,..,..,..,..,..,..,..,..
Renewable energy consumption (% of total final energy consumption),Sao Tome and Principe,STP,71.480557045884,72.6139433443208,73.8651750501114,73.8651750501114,70.4910739113509,54.7114430008201,56.5797279501172,57.2006448402149,56.300702189178,56.675766925674,54.7695454918972,55.5098667458218,55.3766384321595,51.8419316675144,48.9682753216301,48.0174369700171,47.4281045578475,47.6862927437761,46.0375608429006,45.4083882261416,43.7595496677953,43.2151403088971,..
Renewable energy consumption (% of total final energy consumption),Saudi Arabia,SAU,0.0451553086814876,0.0430260643893612,0.0269289093088304,0.0186234077936819,0.0372673315542555,0.0315677071865002,0.0118631975990134,0.0110461114908806,0.0119964410515632,0.0114952371239681,0.0112190302469046,0.012345212155122,0.0117439284083506,0.0111264479421317,0.0108176911173,0.0119775398527276,0.0112854989072725,0.010215320150728,0.00956527065321218,0.00897168544886024,0.00826393674766115,0.0091158129498066,0.00857538311969361
Renewable energy consumption (% of total final energy consumption),Senegal,SEN,55.5510164238751,55.2735480602162,53.6618980794235,55.0853364306622,54.7505378924805,53.177857276489,52.4673851370462,50.6720150523296,48.023579841915,45.8454487059417,47.5152655681607,45.827877893358,44.4838914760993,44.7176944737344,40.7981255901558,41.2286509584784,44.2086434461926,40.6376237551902,40.4749141638414,52.8447881366242,51.1701715636196,49.5687010035022,51.3647277388253
Renewable energy consumption (% of total final energy consumption),Serbia,SRB,15.4916540038738,18.219794715174,19.308531244213,20.8790535007115,22.0276168701966,24.9760817007035,19.4322850644013,16.2990533518905,16.742921556919,23.6833577029356,23.5864760061913,21.155500323608,19.0803352526918,16.2622972005172,14.8653714501924,16.3717459937254,15.6537432653128,14.293405598139,15.5663380100816,20.816582399436,20.7096664829556,17.6721510567346,19.6094256895382
Renewable energy consumption (% of total final energy consumption),Seychelles,SYC,7.43868629357458,6.20196630616137,4.75312014417585,4.86825881686074,4.68923903989248,4.65793810275416,4.47936842621423,4.47936842621423,1.30811143648822,1.04732041375853,0.598804773524195,0.524603517547062,0.56256043349085,0.52498780899698,0.403720952788377,0.374010788845511,0.353928999831364,0.425478783758521,0.383361291768693,0.356002502793814,0.404373559494664,0.50794234205294,..
Renewable energy consumption (% of total final energy consumption),Sierra Leone,SLE,95.6409981054204,94.8355282257561,90.2156137111804,90.1300731601338,89.7155897954832,90.2416557362836,90.0751311743569,90.4601817426148,91.2607225340251,91.3675086225173,88.9970595115183,87.1856108080716,87.1131399505189,85.6831453438472,85.7389286942302,87.2376607450851,83.3841810691122,85.0332273415025,85.2745915071711,85.3865676097399,84.175089491646,80.3459806067674,..
Renewable energy consumption (% of total final energy consumption),Singapore,SGP,0.194833771087196,0.49550927905494,0.528470710781848,0.515729291624794,0.477110615988003,0.452737892558148,0.457871824290964,0.431425660101986,0.433014801295955,0.426520078219776,0.325118897494469,0.595906836376526,0.576907954360492,0.575489754666639,0.525165108349879,0.505683535985579,0.489583397325139,0.497379796944757,0.525897907225612,0.472780012843406,0.476321782464413,0.490260318241548,0.517608066468923
Renewable energy consumption (% of total final energy consumption),Sint Maarten (Dutch part),SXM,..,..,..,..,..,..,..,..,..,..,..,..,..,..,..,..,..,..,..,..,..,..,..
Renewable energy consumption (% of total final energy consumption),Slovak Republic,SVK,2.22533606074319,2.08678474677773,2.31861225489935,4.10421675264903,4.71744279254893,4.20700966333164,3.90550440609155,3.85338562751758,3.63058774868834,3.79794462205657,3.72808980653044,6.00099990815392,5.48104918271825,5.3468652370651,6.24730252423624,6.30646531063009,6.56761674149886,8.24693135456455,7.62942836106774,9.99913924716274,10.2796455625289,10.3575514619004,10.4808356583089
Renewable energy consumption (% of total final energy consumption),Slovenia,SVN,12.3519481290893,13.1307796290189,13.9008412757216,12.3567349052706,12.3360974708997,11.494819888341,11.0941805129493,10.2327019905199,11.088449795065,10.9503342532723,15.8647670376013,14.9918252094374,14.0960867414613,14.183732249519,15.4105499558236,14.5662513124492,14.4143758415462,14.1195235276378,13.8982590915279,17.9226794806957,18.0510593810455,17.7199138016331,19.321734711102
Renewable energy consumption (% of total final energy consumption),Solomon Islands,SLB,67.4460967894341,66.0602759789311,67.2667096933561,67.2596804914254,67.2425251746324,86.5161704109446,69.2280805780009,71.803092231894,73.6873496837761,86.9395049471318,86.937196301566,81.8442828402942,81.618031525303,80.7122545884571,79.684314854381,79.907402212094,78.9129532933122,67.7705357013401,68.2468641538325,67.062859909657,67.4127788181803,67.1849977781873,..
Renewable energy consumption (% of total final energy consumption),Somalia,SOM,100,100,100,100,100,100,100,100,100,98.0102552422364,93.283119768707,93.2616822885565,92.5800053704117,92.8437991332273,92.9979557886932,93.3041471186705,93.4677921569397,93.024431026774,93.3717775571331,93.6349673448679,93.5710052566986,94.195268793019,..
Renewable energy consumption (% of total final energy consumption),South Africa,ZAF,16.6278202710647,17.4661175232481,18.3632171119311,18.5859501700893,18.5628792703466,18.1130798042358,17.4377685411159,17.1071543080688,17.2724507585024,18.2217030615088,18.5084269159523,19.1221680608717,18.4472114530005,17.6287616958234,17.2806309189155,16.9280265910294,17.0001815077824,15.9190108350542,16.2853080703841,16.6470694452479,16.8821965645598,17.1091514799534,16.9338140808662
Renewable energy consumption (% of total final energy consumption),South Sudan,SSD,..,..,..,..,..,..,..,..,..,..,..,..,..,..,..,..,..,..,..,..,..,..,..
Renewable energy consumption (% of total final energy consumption),Spain,ESP,10.5444315460878,9.92129418768303,8.22090806977826,9.07981036293872,9.24137449213451,8.2645655572128,10.0619904352101,9.15429363603535,8.94141375369392,7.6816566638085,7.88433360857432,8.93344993605294,7.41510566896117,8.89992414071957,8.03336501412649,7.29161420314326,8.47574317442729,9.00590459871705,9.74160263167822,12.2250805311947,14.4033892657982,14.7497670753977,15.7452779323123
Renewable energy consumption (% of total final energy consumption),Sri Lanka,LKA,78.0872295525702,77.9609911020891,75.2771463386096,74.1900457808251,70.5809223474716,69.9385353835432,64.411973279488,65.9012603689065,64.1505105846416,63.2479767580272,64.1565587705934,62.9277535119859,62.0998746326966,61.3011981240052,61.6087073000745,60.0762440465082,62.1739915960859,60.196870150811,61.7679798484888,63.5823265021576,62.0405868344771,59.4625283126602,60.8586843808416
Renewable energy consumption (% of total final energy consumption),St. Kitts and Nevis,KNA,67.4047335690821,61.7443687703034,62.1099155433393,64.4413787095567,57.1708373246949,52.7615981623453,46.9598667817672,51.5136882617062,27.0263874448164,23.3865273299388,23.3083356184119,23.3083356184119,22.0474014970323,22.0497047870587,20.2534127383693,19.4832829945045,..,..,..,..,..,..,..
Renewable energy consumption (% of total final energy consumption),St. Lucia,LCA,..,..,..,..,..,..,..,..,..,..,..,..,..,..,..,2.58395475240366,2.56224858724745,2.49876805674041,2.46879523051802,2.39362508517859,2.35488589091232,2.30692409575813,..
Renewable energy consumption (% of total final energy consumption),St. Martin (French part),MAF,..,..,..,..,..,..,..,..,..,..,..,..,..,..,..,..,..,..,..,..,..,..,..
Renewable energy consumption (% of total final energy consumption),St. Vincent and the Grenadines,VCT,15.4397782317461,11.5995485593053,13.1694438915834,12.2767607607089,10.4716283810879,9.10402946562889,8.99019143291028,8.78342045052784,7.15368604956048,6.54417337804493,8.49127132741105,6.19424489094931,6.07060277668583,5.6325412242073,5.85593178409958,5.81094017787571,5.59193006931961,5.44803775475451,5.33860604393553,5.36184901791943,5.23586527504048,5.13451710308536,..
Renewable energy consumption (% of total final energy consumption),Sudan,SDN,73.2666521002194,76.1651422550477,77.3955932249472,85.6281473354102,79.487858475608,81.4714168885241,83.6105237438187,80.5402073477943,81.9011135842661,80.8476540994423,80.4221521262637,79.3823919222446,76.757558050917,76.9848805875551,75.3833428915517,72.433202078787,69.3509817487048,65.7248245817915,63.6512100375216,63.274852766724,61.4393202951286,63.9927354458512,63.9678587066101
Renewable energy consumption (% of total final energy consumption),Suriname,SUR,35.6051038834072,37.9970317825639,38.1127448827686,15.1467717825685,15.280274624432,21.5677737741121,24.6087639786041,25.454946732339,24.5131743943342,25.2831535293292,17.9754897382401,17.344033401207,15.7361514812653,15.4854265463029,15.0013553844317,15.52648560549,15.9121617462605,15.9793604441348,16.1244866615587,16.1892046424086,16.7641442190253,19.4073518368715,..
Renewable energy consumption (% of total final energy consumption),Swaziland,SWZ,84.2956381560136,85.6871852423494,91.9517065404811,91.676182432367,86.7495292144691,88.4239919294861,88.6843204536463,46.1324239197027,47.3536214321669,47.335204563134,46.7706086730766,45.2451577534371,45.0561346496067,42.5865072138187,38.823229089677,39.1024889595851,38.0845137490765,37.8106448352354,37.5304127736794,39.0118476862787,39.4040930785848,39.4685962347642,..
Renewable energy consumption (% of total final energy consumption),Sweden,SWE,34.0619894793059,32.458793182954,33.232163650275,34.3851558475596,31.3544225966043,33.9141791720191,31.3560993529381,35.6206103570167,35.6579018454983,34.7922477779801,40.0082620566454,37.6615780211991,36.1487643496983,34.9104291611218,35.8233093424776,39.9918931958321,41.126590257608,42.9246579403494,44.8655874152431,47.0773656983373,45.9778062872266,46.5441395567203,49.9131719386059
Renewable energy consumption (% of total final energy consumption),Switzerland,CHE,16.7806973982936,17.2048251734912,17.0177045931026,18.1200240265507,18.4653335322538,17.8867912930842,16.8997934952548,17.6615144178426,17.234494791914,18.6006967407457,18.4248276330782,19.1536000981555,18.4601242237517,18.320772521154,18.3958525105042,19.0489061340558,18.4324967245504,19.7045637955418,19.9899912716058,20.5246885406934,21.2009065590052,21.3107078417636,22.6829471706078
Renewable energy consumption (% of total final energy consumption),Syrian Arab Republic,SYR,2.36033266613513,2.10730625125145,2.239112971911,2.23090024766001,2.05800691682431,1.80622498827093,1.66374649541552,1.6905334202283,1.5860323185728,1.69685311984935,1.93330395252439,2.12051120091988,1.56638860631472,1.87873382252334,2.49753059337658,2.08886389022767,1.80939140351771,1.54290932709712,1.26078786138889,0.934559192702157,1.39729041046313,1.87324033446963,2.37499371900648
Renewable energy consumption (% of total final energy consumption),Tajikistan,TJK,29.6377499439641,30.9993639286219,37.3786630642685,43.956598963339,57.2601817427006,60.5824943989191,62.6671302877925,56.8242819354857,55.8075888192717,59.7283996147892,62.4134169272226,64.0730359049117,64.1572582416933,64.587174890299,61.4168012719584,63.7385064905703,61.5762637164545,53.8007090259928,54.6120698382777,60.5906217445904,62.0994947534942,60.2528093948316,57.9730758634965
Renewable energy consumption (% of total final energy consumption),Tanzania,TZA,94.7847932229802,94.970469335954,95.0254775685403,95.1473348875406,95.1782700155468,93.3715050525732,92.222461710161,92.747872687745,93.1776536776484,94.2663407728148,93.7244700280161,93.2199479431866,92.4681259788512,92.3593007854927,91.6947120206733,90.9566345372163,90.7264363629395,91.216740774721,90.7740203288309,91.4552500479094,90.0791356407013,89.5842106833723,88.1735242247949
Renewable energy consumption (% of total final energy consumption),Thailand,THA,33.6392063298373,33.0157700066006,31.8239236768681,26.4260532397438,23.8679696147138,22.699584393141,21.1636703523198,21.249046085448,21.6511854133284,21.3126890993604,21.9884639399423,20.0359330125544,20.0673129525219,20.3448143452684,20.0251154193862,20.2534888661824,20.6888002973044,21.7736330355404,22.643799533416,22.8007695206417,22.797541115225,22.2723558521667,23.0230560779748
Renewable energy consumption (% of total final energy consumption),Timor-Leste,TMP,..,..,..,..,..,..,..,..,..,..,..,..,57.1093727669563,55.1915739641649,51.1231171168128,49.192391332101,50.8735739341417,47.631031774773,44.6445090747267,43.0719190812513,..,..,..
Renewable energy consumption (% of total final energy consumption),Togo,TGO,78.7014116809511,82.0871896897689,85.7909815114644,91.4985887828363,81.5521460613322,81.5209022439733,73.0945233429276,79.5610490811684,77.7487042242219,73.1170953932947,77.1120830082883,82.059812978684,78.66851941856,74.7932471215565,76.1420831851024,77.2243289077828,79.6595303371666,79.9393449333097,76.5219253114202,63.3977124052344,65.8427051722329,69.1270127809019,72.7104869014529
Renewable energy consumption (% of total final energy consumption),Tonga,TON,100,1.1590445046055,1.26793342861034,1.26174278504327,1.03216878304896,0.955792617000988,1.15182995219565,1.02878729693835,1.23541566669773,1.03187853691326,2.4767297539479,2.6995079473865,2.47738847152673,2.01277837319618,2.14845252942469,2.17045364578766,1.86699444871824,2.17068324811044,1.98854437235478,1.81749318669195,1.00787032843021,1.12681954248191,..
Renewable energy consumption (% of total final energy consumption),Trinidad and Tobago,TTO,1.19302596205145,1.30875262999738,1.28474221477675,1.35084981653211,1.26642795929868,1.18520771964085,1.00019534440715,0.939541920161298,0.903393717439891,0.864061226313179,0.761813692687129,0.684970933256711,0.638042484648003,0.604435516121256,0.62715432502643,0.533811262734174,0.623857259574885,0.367788932674806,0.364986120607975,0.40293729733909,0.336168472595429,0.360433946936715,0.324166135288906
Renewable energy consumption (% of total final energy consumption),Tunisia,TUN,14.4802403293735,14.7905420467835,14.1933499273705,13.8711939226229,14.2023764810081,14.3680265624255,14.3754782005342,14.4376226412328,14.4988550833885,14.4885975112621,14.2347773081305,14.219997908428,14.5466850277133,14.1264540140226,13.9206075776492,14.1772495022194,14.3201216190615,14.3219260618406,14.609285433004,16.0699957570466,14.2650568292124,13.3506241092296,13.0479095374502
Renewable energy consumption (% of total final energy consumption),Turkey,TUR,24.5749197832914,24.2528257813403,24.2856431882254,23.8843209528657,24.3066277880722,22.1495339838516,21.2891440427951,20.8875018928675,21.6801874520817,20.5889658538278,17.2864940856489,18.1313407642943,17.483605248044,16.3054961386319,16.8023167745532,15.3241729823858,14.2679679130269,12.502469538466,12.4369676988311,13.3522475253478,14.3519447565513,12.7933216110756,12.8350349822689
Renewable energy consumption (% of total final energy consumption),Turkmenistan,TKM,0.277582690617429,0.317767767697614,0.00176446102085656,0.00280950195840867,0.00187493295842859,0.00197160779879038,0.00246681862691125,0.00212721315064301,0.003291767110239,0.00234682651267861,..,..,..,..,..,..,..,..,..,..,..,..,..
Renewable energy consumption (% of total final energy consumption),Turks and Caicos Islands,TCA,5.3381462750462,2.90300352813849,1.46859206291387,2.41314420402057,2.35072913150882,1.78092165419174,1.92019227011656,1.57295866611504,1.62905206577739,1.4573375766092,1.15369819761075,1.1161917085988,0.596038369860277,0.591969664466061,0.599648674955181,0.543302661280398,0.516655036015764,0.496592969279158,0.492033678891573,0.522009535621814,0.517998914005426,0.532165411483411,..
Renewable energy consumption (% of total final energy consumption),Tuvalu,TUV,..,..,..,..,..,..,..,..,..,..,..,..,..,..,..,..,..,..,..,..,..,..,..
Renewable energy consumption (% of total final energy consumption),Uganda,UGA,96.044355118909,97.9211922699305,96.3935494288132,96.500092948614,96.94700576693,96.0582741567086,95.7420568976877,95.5393593267218,94.9436338184631,94.9260385112645,94.5414313458554,94.4100231011555,94.4655745748632,93.9377655862631,94.1812945025301,92.849037789639,92.4285093525674,91.8134137160012,91.144572592536,91.5010815147313,91.095525308986,90.3336788018451,..
Renewable energy consumption (% of total final energy consumption),Ukraine,UKR,0.650123020558672,0.700765610659838,0.600592028925653,0.893723047764976,1.10501960505117,0.976939748777424,0.897911059297883,1.02503959922097,1.57750696985369,1.45112151924934,1.25458003543135,1.22806506837918,1.03493310170984,0.972022252364306,1.18975040773367,1.25123058076511,1.73451683508826,1.51823149360249,2.710113542726,2.96573609608818,2.88056452898087,2.7330102278557,2.8335707961044
Renewable energy consumption (% of total final energy consumption),United Arab Emirates,ARE,..,..,0.188368716187094,0.150356176355337,0.120144778840769,0.112603959099495,0.0734935811830899,0.0763557110514288,0.0709772145016666,0.0705620456536764,0.0688779843342717,0.0725676403271533,0.0647908581718868,0.0638708587694416,0.0987811461165488,0.112573317474346,0.125970557932982,0.127830821109845,0.132196695317692,0.13324714477503,0.139800814197871,0.141917439831288,0.133041001442044
Renewable energy consumption (% of total final energy consumption),United Kingdom,GBR,0.653010477178902,0.610399487289538,0.843333111578887,0.777487858597092,1.02314065457783,1.06199585203278,0.947082422530069,1.03135140245653,1.02837512266291,0.949134007708637,0.961991240392664,0.873117634835935,0.995871057177225,0.968749373517035,1.16984829102435,1.41287864874291,1.61004035967895,1.90027137631811,2.5377188296717,3.09551608585931,3.2313177420433,4.10731876467802,4.35069563220353
Renewable energy consumption (% of total final energy consumption),United States,USA,4.17546272246741,4.5079199395396,4.76308356992963,4.28152881536241,4.08864089455807,4.7265534270622,4.76393041910571,4.5142598854172,4.53429643617028,5.70972733796281,5.42962337553088,4.6785710163179,4.84404270059546,5.33203599937186,5.48547201143238,5.85095218641068,6.4109521545674,6.3236532207584,6.87884652349311,7.40877247074657,7.47892778490904,8.18544254711103,7.91839642846153
Renewable energy consumption (% of total final energy consumption),Uruguay,URY,44.8124694898491,43.7298239037092,43.3997103540946,42.7630824722088,42.2509714521932,41.0661782220446,37.5679157242516,37.6764879806562,36.9013847481184,33.2984365014722,38.8026969295766,40.9510423534441,43.0394750613155,43.1122656929188,38.317947335661,39.9087559478932,35.656291848295,41.2018522778734,43.0761005359742,45.0615470416721,52.5429495721907,48.5939718163772,46.3742560180793
Renewable energy consumption (% of total final energy consumption),Uzbekistan,UZB,1.32974496498678,1.21140295764889,1.38862311687229,1.59642613002781,1.56101283733395,1.45860198490384,1.64858351056428,1.44241092707116,1.20892188090091,1.17316202530289,1.22401810531866,1.2084027152086,1.18871634660554,1.52047448276999,1.84768719345767,1.85680757622088,1.92874240963458,1.35017644960228,2.32142081355961,2.21363663599247,2.63633451470399,2.2401467333638,2.37391619326812
Renewable energy consumption (% of total final energy consumption),Vanuatu,VUT,100,100,100,100,100,100,100,100,100,86.0528065968901,68.7731191883984,69.4543700809189,70.6831281517395,52.434203130041,67.2914254299407,67.5181208391778,73.4034437325644,43.5643918032982,47.3531832851776,39.6831146825981,39.1407851557651,34.1809005357996,..
Renewable energy consumption (% of total final energy consumption),Venezuela,VEN,11.2491420119084,12.3353434620146,13.1853934850525,12.3710863741654,12.9374038737356,12.2764596338876,11.992664080391,12.9083979586555,12.359200957089,13.517080604278,13.7219809770405,12.5676473306532,12.4391794023348,12.8769414183792,13.692059021432,12.5193639130349,14.4505567578844,15.6952473637244,12.3219261015464,12.6755809859552,10.3240143332818,12.3562603102179,11.1975413131122
Renewable energy consumption (% of total final energy consumption),Vietnam,VNM,76.0816493444582,75.6374427382613,74.7019691561515,70.8126869984407,67.9860074877276,65.1257818456985,62.8660036039412,60.7923696548487,59.4993418383137,59.5670003648834,57.963699416807,56.3577453276602,52.413290666571,51.0238156038456,45.9894814565008,44.356922569766,44.4610809645175,42.1021429487264,39.4589247072027,37.1668116005051,34.7958989351442,35.5294656259587,35.5792424877634
Renewable energy consumption (% of total final energy consumption),Virgin Islands (U.S.),VIR,..,..,..,..,..,..,..,..,..,..,..,..,..,..,..,..,..,..,..,..,..,..,..
Renewable energy consumption (% of total final energy consumption),West Bank and Gaza,WBG,..,..,..,..,..,..,..,..,..,..,..,..,..,..,..,..,..,..,..,..,..,..,..
Renewable energy consumption (% of total final energy consumption),Yemen,YEM,2.14863233970714,1.70942961335418,1.58022191514687,1.79211510426281,1.74337145931778,1.50425204016816,1.4808436359029,1.40113714392447,1.29166563194174,1.20733393105637,1.15124752562035,1.07038995899073,1.06127861842054,0.926933064027098,0.911826997757633,0.894498631597254,0.929000660463802,0.890274262612945,0.861752179787504,0.862562591579274,0.836404324876501,0.988630663730807,1.00075568537744
Renewable energy consumption (% of total final energy consumption),Zambia,ZMB,83.0694769973859,82.3174733680473,82.745308645959,85.1511354571394,86.8565146389354,87.1113039689046,89.6408505786167,87.0073739453693,87.7555400034892,89.7734625969837,89.8757190387828,89.6872190859011,89.6944153873299,89.5248319995894,89.7595031111813,89.3327936254658,89.9557357462573,92.8131136996249,91.9659326227051,91.826744082709,91.8009806576372,90.4550195613109,88.1521280758613
Renewable energy consumption (% of total final energy consumption),Zimbabwe,ZWE,63.9730354504017,63.7373222929751,64.3649166679494,64.4142493915699,68.5239973640642,67.0589216462414,66.7348187813267,67.3821130326372,67.8349993012865,64.4012588709022,69.2500440964675,71.5601312520544,74.309254399713,77.8001210904895,81.6137400506422,80.1433460610299,78.2743720632302,77.4414213734686,81.1062058690043,79.5458761993909,77.7953595323635,75.7740041989035,75.6025323245236